Team_ID,Pattern,Home_Count,Away_Count,Max_Home_Streak,Max_Away_Streak,Rolling5_Balance_Violations
AHL,HAHAHAAHHAHAAHHAHAHAHAHHAAHAHHAAHA,17,17,2,2,0
BNK,AHAAHAHHAHAHHAAHAHAHHAHAAHAHAAHHAH,17,17,2,2,0
CER,HAAHAHHAAHAHAAHAHAHHAHAAHHAHAHHAHA,17,17,2,2,0
ENP,AHAAHHAHAAHHAHAHAHAHHAAHAHHAAHAHAH,17,17,2,2,0
GOU,AHAHHAAHAHAAHHAHAHAHAAHHAHAHHAAHAH,17,17,2,2,0
HAR,AHAHAAHAHHAAHHAHAHAHAHHAHAAHHAAHAH,17,17,2,2,0
ISM,HAHAHAHHAAHAHHAHAAHAHAHAAHHAHAAHAH,17,17,2,2,0
ITH,HAHAHAHHAAHAHAHAHAHAHAHAAHHAHAHAHA,17,17,2,2,0
MAH,AHAHAAHAHAHHAAHHAHAHAHHAHAHAAHHAAH,17,17,2,2,0
MAS,AHAHAHAAHHAAHHAHAHAHAHAHHAAHHAAHAH,17,17,2,2,0
MOD,HAHHAHAAHHAHAAHAHAHAAHAHHAAHAHHAHA,17,17,2,2,0
PET,AHHAAHAHHAHAHHAHAHAAHHAHAAHAHAAHAH,17,17,2,2,0
PHA,AHAHAHHAHAHHAAHAHHAHAHAAHAHAAHHAHA,17,17,2,2,0
PYR,HAHAHHAAHHAHAAHAHAHAHAAHHAAHAHHAHA,17,17,2,2,0
SMO,HAHAHAHAHAAHAHHAHAHAHAHAHAHHAHAAHA,17,17,2,2,0
TLG,AHHAAHHAAHHAHAAHAHAAHHAAHHAAHAHHAH,17,17,2,2,0
ZAM,HAAHHAAHAHAAHAHAHAHHAAHHAHAHHAHAHA,17,17,2,2,0
ZED,HAHHAHAHAAHHAHAAHAHAAHAHAHHAAHAHHA,17,17,2,2,0
