Round Name,Date
International Break - September Window,9/2/2026
International Break - September Window,9/3/2026
International Break - September Window,9/4/2026
International Break - September Window,9/5/2026
International Break - September Window,9/6/2026
International Break - September Window,9/7/2026
International Break - September Window,9/8/2026
International Break - September Window,9/9/2026
International Break - September Window,9/10/2026
International Break - October Window,10/7/2026
International Break - October Window,10/8/2026
International Break - October Window,10/9/2026
International Break - October Window,10/10/2026
International Break - October Window,10/11/2026
International Break - October Window,10/12/2026
International Break - October Window,10/13/2026
International Break - October Window,10/14/2026
International Break - October Window,10/15/2026
International Break - November Window,11/11/2026
International Break - November Window,11/12/2026
International Break - November Window,11/13/2026
International Break - November Window,11/14/2026
International Break - November Window,11/15/2026
International Break - November Window,11/16/2026
International Break - November Window,11/17/2026
International Break - November Window,11/18/2026
International Break - November Window,11/19/2026
International Break - March Window,3/17/2027
International Break - March Window,3/18/2027
International Break - March Window,3/19/2027
International Break - March Window,3/20/2027
International Break - March Window,3/21/2027
International Break - March Window,3/22/2027
International Break - March Window,3/23/2027
International Break - March Window,3/24/2027
International Break - March Window,3/25/2027
International Break - June Window,6/2/2027
International Break - June Window,6/3/2027
International Break - June Window,6/4/2027
International Break - June Window,6/5/2027
International Break - June Window,6/6/2027
International Break - June Window,6/7/2027
International Break - June Window,6/8/2027
International Break - June Window,6/9/2027
International Break - June Window,6/10/2027
